0 year old boy,0-year-old boy
0 year old bridge,0-year-old bridge
0 year old brother,0-year-old brother
0 year old building,0-year-old building
0 year old church,0-year-old church
0 year old college,0-year-old college
0 year old company,0-year-old company
0 year old daughter,0-year-old daughter
0 year-old boy,0-year-old boy
0 year-old bridge,0-year-old bridge
0 year-old brother,0-year-old brother
0 year-old building,0-year-old building
0 year-old church,0-year-old church
0 year-old college,0-year-old college
0 year-old company,0-year-old company
0 year-old daughter,0-year-old daughter
0-year old boy,0-year-old boy
0-year old bridge,0-year-old bridge
0-year old brother,0-year-old brother
0-year old building,0-year-old building
0-year old church,0-year-old church
0-year old college,0-year-old college
0-year old company,0-year-old company
0-year old daughter,0-year-old daughter
1 year old boy,1-year-old boy
1 year old bridge,1-year-old bridge
1 year old brother,1-year-old brother
1 year old building,1-year-old building
1 year old church,1-year-old church
1 year old college,1-year-old college
1 year old company,1-year-old company
1 year old daughter,1-year-old daughter
1 year-old boy,1-year-old boy
1 year-old bridge,1-year-old bridge
1 year-old brother,1-year-old brother
1 year-old building,1-year-old building
1 year-old church,1-year-old church
1 year-old college,1-year-old college
1 year-old company,1-year-old company
1 year-old daughter,1-year-old daughter
1-year old boy,1-year-old boy
1-year old bridge,1-year-old bridge
1-year old brother,1-year-old brother
1-year old building,1-year-old building
1-year old church,1-year-old church
1-year old college,1-year-old college
1-year old company,1-year-old company
1-year old daughter,1-year-old daughter
1911 encyclopaedia,1911 Encyclopædia
1911 encyclopdia,1911 Encyclopædia
1911 encyclopedia,1911 Encyclopædia
2 year old boy,2-year-old boy
2 year old bridge,2-year-old bridge
2 year old brother,2-year-old brother
2 year old building,2-year-old building
2 year old church,2-year-old church
2 year old college,2-year-old college
2 year old company,2-year-old company
2 year old daughter,2-year-old daughter
2 year-old boy,2-year-old boy
2 year-old bridge,2-year-old bridge
2 year-old brother,2-year-old brother
2 year-old building,2-year-old building
2 year-old church,2-year-old church
2 year-old college,2-year-old college
2 year-old company,2-year-old company
2 year-old daughter,2-year-old daughter
2-year old boy,2-year-old boy
2-year old bridge,2-year-old bridge
2-year old brother,2-year-old brother
2-year old building,2-year-old building
2-year old church,2-year-old church
2-year old college,2-year-old college
2-year old company,2-year-old company
2-year old daughter,2-year-old daughter
3 year old boy,3-year-old boy
3 year old bridge,3-year-old bridge
3 year old brother,3-year-old brother
3 year old building,3-year-old building
3 year old church,3-year-old church
3 year old college,3-year-old college
3 year old company,3-year-old company
3 year old daughter,3-year-old daughter
3 year-old boy,3-year-old boy
3 year-old bridge,3-year-old bridge
3 year-old brother,3-year-old brother
3 year-old building,3-year-old building
3 year-old church,3-year-old church
3 year-old college,3-year-old college
3 year-old company,3-year-old company
3 year-old daughter,3-year-old daughter
3-year old boy,3-year-old boy
3-year old bridge,3-year-old bridge
3-year old brother,3-year-old brother
3-year old building,3-year-old building
3-year old church,3-year-old church
3-year old college,3-year-old college
3-year old company,3-year-old company
3-year old daughter,3-year-old daughter
4 year old boy,4-year-old boy
4 year old bridge,4-year-old bridge
4 year old brother,4-year-old brother
4 year old building,4-year-old building
4 year old church,4-year-old church
4 year old college,4-year-old college
4 year old company,4-year-old company
4 year old daughter,4-year-old daughter
4 year-old boy,4-year-old boy
4 year-old bridge,4-year-old bridge
4 year-old brother,4-year-old brother
4 year-old building,4-year-old building
4 year-old church,4-year-old church
4 year-old college,4-year-old college
4 year-old company,4-year-old company
4 year-old daughter,4-year-old daughter
4-year old boy,4-year-old boy
4-year old bridge,4-year-old bridge
4-year old brother,4-year-old brother
4-year old building,4-year-old building
4-year old church,4-year-old church
4-year old college,4-year-old college
4-year old company,4-year-old company
4-year old daughter,4-year-old daughter
5 year old boy,5-year-old boy
5 year old bridge,5-year-old bridge
5 year old brother,5-year-old brother
5 year old building,5-year-old building
5 year old church,5-year-old church
5 year old college,5-year-old college
5 year old company,5-year-old company
5 year old daughter,5-year-old daughter
5 year-old boy,5-year-old boy
5 year-old bridge,5-year-old bridge
5 year-old brother,5-year-old brother
5 year-old building,5-year-old building
5 year-old church,5-year-old church
5 year-old college,5-year-old college
5 year-old company,5-year-old company
5 year-old daughter,5-year-old daughter
5-year old boy,5-year-old boy
5-year old bridge,5-year-old bridge
5-year old brother,5-year-old brother
5-year old building,5-year-old building
5-year old church,5-year-old church
5-year old college,5-year-old college
5-year old company,5-year-old company
5-year old daughter,5-year-old daughter
6 year old boy,6-year-old boy
6 year old bridge,6-year-old bridge
6 year old brother,6-year-old brother
6 year old building,6-year-old building
6 year old church,6-year-old church
6 year old college,6-year-old college
6 year old company,6-year-old company
6 year old daughter,6-year-old daughter
6 year-old boy,6-year-old boy
6 year-old bridge,6-year-old bridge
6 year-old brother,6-year-old brother
6 year-old building,6-year-old building
6 year-old church,6-year-old church
6 year-old college,6-year-old college
6 year-old company,6-year-old company
6 year-old daughter,6-year-old daughter
6-year old boy,6-year-old boy
6-year old bridge,6-year-old bridge
6-year old brother,6-year-old brother
6-year old building,6-year-old building
6-year old church,6-year-old church
6-year old college,6-year-old college
6-year old company,6-year-old company
6-year old daughter,6-year-old daughter
7 year old boy,7-year-old boy
7 year old bridge,7-year-old bridge
7 year old brother,7-year-old brother
7 year old building,7-year-old building
7 year old church,7-year-old church
7 year old college,7-year-old college
7 year old company,7-year-old company
7 year old daughter,7-year-old daughter
7 year-old boy,7-year-old boy
7 year-old bridge,7-year-old bridge
7 year-old brother,7-year-old brother
7 year-old building,7-year-old building
7 year-old church,7-year-old church
7 year-old college,7-year-old college
7 year-old company,7-year-old company
7 year-old daughter,7-year-old daughter
7-year old boy,7-year-old boy
7-year old bridge,7-year-old bridge
7-year old brother,7-year-old brother
7-year old building,7-year-old building
7-year old church,7-year-old church
7-year old college,7-year-old college
7-year old company,7-year-old company
7-year old daughter,7-year-old daughter
8 year old boy,8-year-old boy
8 year old bridge,8-year-old bridge
8 year old brother,8-year-old brother
8 year old building,8-year-old building
8 year old church,8-year-old church
8 year old college,8-year-old college
8 year old company,8-year-old company
8 year old daughter,8-year-old daughter
8 year-old boy,8-year-old boy
8 year-old bridge,8-year-old bridge
8 year-old brother,8-year-old brother
8 year-old building,8-year-old building
8 year-old church,8-year-old church
8 year-old college,8-year-old college
8 year-old company,8-year-old company
8 year-old daughter,8-year-old daughter
8-year old boy,8-year-old boy
8-year old bridge,8-year-old bridge
8-year old brother,8-year-old brother
8-year old building,8-year-old building
8-year old church,8-year-old church
8-year old college,8-year-old college
8-year old company,8-year-old company
8-year old daughter,8-year-old daughter
9 year old boy,9-year-old boy
9 year old bridge,9-year-old bridge
9 year old brother,9-year-old brother
9 year old building,9-year-old building
9 year old church,9-year-old church
9 year old college,9-year-old college
9 year old company,9-year-old company
9 year old daughter,9-year-old daughter
9 year-old boy,9-year-old boy
9 year-old bridge,9-year-old bridge
9 year-old brother,9-year-old brother
9 year-old building,9-year-old building
9 year-old church,9-year-old church
9 year-old college,9-year-old college
9 year-old company,9-year-old company
9 year-old daughter,9-year-old daughter
9-year old boy,9-year-old boy
9-year old bridge,9-year-old bridge
9-year old brother,9-year-old brother
9-year old building,9-year-old building
9-year old church,9-year-old church
9-year old college,9-year-old college
9-year old company,9-year-old company
9-year old daughter,9-year-old daughter
a been,been
a compter,à compter
a dire,à dire
a faire,à faire
a heir,an heir
a heiress,an heiress
a heirloom,an heirloom
a honest,an honest
a honor,an honor
a honorable,an honorable
a honorably,an honorably
a honorary,an honorary
a honour,an honour
a honourable,an honourable
a honourably,an honourably
a honourary,an honourary
a hour,an hour
a hourly,an hourly
a partir,à partir
a patients,a patient's
a propos,à propos
a savoir,à savoir
a se,à se
a utiliser,à utiliser
a voir,à voir
able drive,able to drive
able get,able to get
able help,able to help
able offer,able to offer
able stop,able to stop
about a the based,based
above it's,above its
above it`s,above its
above it’s,above its
academie francais,académie française
academie francaise,académie française
academie français,académie française
academie française,académie française
académie francais,académie française
académie francaise,académie française
académie français,académie française
adams-onis treaty,Adams–Onís Treaty
adams-onís treaty,Adams–Onís Treaty
adams–onis treaty,Adams–Onís Treaty
after awhile,after a while
alain juppe,Alain Juppé
alanis morisette,Alanis Morissette
alanis morrisette,alanis Morissette
alannis morisette,alanis Morissette
alfonso iii of leon,Alfonso III of León
alfonso iv of leon,Alfonso IV of León
alfonso ix of leon,Alfonso IX of León
alfonso v of leon,Alfonso V of León
all intensive purposes,all intents and purposes
all of em,all of them
all of moves,all moves
all of products,all products
along it's,along its
along it`s,along its
along it’s,along its
along side with,alongside
along side,alongside
along-side with,alongside
alongide with,alongside
alongisde with,alongside
alongst it's,alongst its
alongst it`s,alongst its
alongst it’s,alongst its
alonside with,alongside
also are also,are also
also could also,could also
also had also,also had
also has also,also has
also have also,also have
also is also,is also
also know as,also known as
also know for,also known for
also knowed as,also known as
also knows as,also known as
also knows for,also known for
also was also,was also
also were also,were also
also would also,would also
am expose to,am exposed to
am force to,am forced to
am not expose to,am not exposed to
am not force to,am not forced to
am not oppose to,am not opposed to
am not propose to,am not proposed to
am not suppose to,am not supposed to
am not use to,am not used to
am oppose to,am opposed to
am propose to,am proposed to
am suppose to,am supposed to
am use to,am used to
amn't expose to,amn't exposed to
amn't force to,amn't forced to
amn't oppose to,amn't opposed to
amn't propose to,amn't proposed to
amn't suppose to,amn't supposed to
amn't use to,amn't used to
amn’t expose to,amn’t exposed to
amn’t force to,amn’t forced to
amn’t oppose to,amn’t opposed to
amn’t propose to,amn’t proposed to
amn’t suppose to,amn’t supposed to
amn’t use to,amn’t used to
amn′t expose to,amn′t exposed to
amn′t force to,amn′t forced to
amn′t oppose to,amn′t opposed to
amn′t propose to,amn′t proposed to
amn′t suppose to,amn′t supposed to
amn′t use to,amn′t used to
among it's,among its
among it`s,among its
among it’s,among its
amongst it's,amongst its
amongst it`s,amongst its
amongst it’s,amongst its
an on going,an ongoing
an unique,a unique
an uniquely,a uniquely
an up coming,an upcoming
ancien regime,Ancien Régime
ancient regime,Ancien Régime
ancient régime,Ancien Régime
angelica houston,Anjelica Huston
angelica huston,Anjelica Huston
anjelica houston,Anjelica Huston
anne bronte,Anne Brontë
antonin dvorak,Antonín Dvořák
antonin dvorák,Antonín Dvořák
antonin dvořak,Antonín Dvořák
antonín dvorak,Antonín Dvořák
antonín dvorák,Antonín Dvořák
antonín dvořak,Antonín Dvořák
apart form,apart from
apart of,a part of
apostle's creed,Apostles' Creed
apostle's' creed,Apostles' Creed
apostle's’ creed,Apostles' Creed
apostles creed,Apostles' Creed
apostles’ creed,Apostles' Creed
apostle’s creed,Apostles' Creed
apostle’s' creed,Apostles' Creed
apostle’s’ creed,Apostles' Creed
april fools day,april Fools' Day
april fools day,april fools' day
arch nemesis,archnemesis
are are,are
are dependant on,are dependent on
are expose to,are exposed to
are force to,are forced to
are know as,are known as
are know for,are known for
are knowed as,are known as
are knowed for,are known for
are knows as,are known as
are knows for,are known for
are not dependant on,are not dependent on
are not expose to,are not exposed to
are not force to,are not forced to
are not oppose to,are not opposed to
are not propose to,are not proposed to
are not suppose to,are not supposed to
are not use to,are not used to
are oppose to,are opposed to
are propose to,are proposed to
are suppose to,are supposed to
are use to,are used to
aren't expose to,aren't exposed to
aren't force to,aren't forced to
aren't oppose to,aren't opposed to
aren't propose to,aren't proposed to
aren't suppose to,aren't supposed to
aren't use to,aren't used to
aren’t expose to,aren’t exposed to
aren’t force to,aren’t forced to
aren’t oppose to,aren’t opposed to
aren’t propose to,aren’t proposed to
aren’t suppose to,aren’t supposed to
aren’t use to,aren’t used to
aren′t expose to,aren′t exposed to
aren′t force to,aren′t forced to
aren′t oppose to,aren′t opposed to
aren′t propose to,aren′t proposed to
aren′t suppose to,aren′t supposed to
aren′t use to,aren′t used to
around it's,around its
around it`s,around its
around it’s,around its
as know as,as known as
as know for,as known for
as knowed as,as known as
as knowed for,as known for
as knows as,as known as
as knows for,as known for
as well or better than,as well as or better than
aside form,aside from
assesses needs,assess needs
associate's degree,associate degree
associate's degrees,associate degrees
associates degree,associate degree
associates degrees,associate degrees
at it's,at its
at it`s,at its
at it’s,at its
atlanta journal and constitution,Atlanta Journal-Constitution
atlanta journal constitution,Atlanta Journal-Constitution
atlanta-journal and constitution,Atlanta Journal-Constitution
atlanta-journal constitution,Atlanta Journal-Constitution
award winning,award-winning
b'nai brith,B'nai B'rith
b'nai b’rith,B'nai B'rith
bachelor and master degree,bachelor's and master's degree
bachelor and master degrees,bachelor's and master's degrees
bachelor and master' degree,bachelor's and master's degree
bachelor and master' degrees,bachelor's and master's degrees
bachelor and master's degree,bachelor's and master's degree
bachelor and master's degrees,bachelor's and master's degrees
bachelor and masters degree,bachelor's and master's degree
bachelor and masters degrees,bachelor's and master's degrees
bachelor and master’ degree,bachelor's and master's degree
bachelor and master’ degrees,bachelor's and master's degrees
bachelor and master’s degree,bachelor's and master's degree
bachelor and master’s degrees,bachelor's and master's degrees
bachelor degree,bachelor's degree
bachelor degrees,bachelor's degrees
bachelor' and master degree,bachelor's and master's degree
bachelor' and master degrees,bachelor's and master's degrees
bachelor' and master' degree,bachelor's and master's degree
bachelor' and master' degrees,bachelor's and master's degrees
bachelor' and master's degree,bachelor's and master's degree
bachelor' and master's degrees,bachelor's and master's degrees
bachelor' and masters degree,bachelor's and master's degree
bachelor' and masters degrees,bachelor's and master's degrees
bachelor' and master’ degree,bachelor's and master's degree
bachelor' and master’ degrees,bachelor's and master's degrees
bachelor' and master’s degree,bachelor's and master's degree
bachelor' and master’s degrees,bachelor's and master's degrees
bachelor' degree,bachelor's degree
bachelor' degrees,bachelor's degrees
bachelor's and master degree,bachelor's and master's degree
bachelor's and master degrees,bachelor's and master's degrees
bachelor's and master' degree,bachelor's and master's degree
bachelor's and master' degrees,bachelor's and master's degrees
bachelor's and masters degree,bachelor's and master's degree
bachelor's and masters degrees,bachelor's and master's degrees
bachelor's and master’ degree,bachelor's and master's degree
bachelor's and master’ degrees,bachelor's and master's degrees
bachelor's and master’s degree,bachelor's and master's degree
bachelor's and master’s degrees,bachelor's and master's degrees
bachelors and master degree,bachelor's and master's degree
bachelors and master degrees,bachelor's and master's degrees
bachelors and master' degree,bachelor's and master's degree
bachelors and master' degrees,bachelor's and master's degrees
bachelors and master's degree,bachelor's and master's degree
bachelors and master's degrees,bachelor's and master's degrees
bachelors and masters degree,bachelor's and master's degree
bachelors and masters degrees,bachelor's and master's degrees
bachelors and master’ degree,bachelor's and master's degree
bachelors and master’ degrees,bachelor's and master's degrees
bachelors and master’s degree,bachelor's and master's degree
bachelors and master’s degrees,bachelor's and master's degrees
bachelors degree,bachelor's degree
bachelors degrees,bachelor's degrees
bachelors' degree,bachelor's degree
bachelors' degrees,bachelor's degrees
bachelor’ and master degree,bachelor's and master's degree
bachelor’ and master degrees,bachelor's and master's degrees
bachelor’ and master' degree,bachelor's and master's degree
bachelor’ and master' degrees,bachelor's and master's degrees
bachelor’ and master's degree,bachelor's and master's degree
bachelor’ and master's degrees,bachelor's and master's degrees
bachelor’ and masters degree,bachelor's and master's degree
bachelor’ and masters degrees,bachelor's and master's degrees
bachelor’ and master’ degree,bachelor's and master's degree
bachelor’ and master’ degrees,bachelor's and master's degrees
bachelor’ and master’s degree,bachelor's and master's degree
bachelor’ and master’s degrees,bachelor's and master's degrees
back and fourth,back and forth
band mate,bandmate
band mates,bandmates
barak obama,barack Obama
barbara straiesand,Barbra Streisand
barbara straisand,Barbra Streisand
barbara streiesand,Barbra Streisand
barbara streisand,Barbra Streisand
barbara striesand,Barbra Streisand
barbara strisand,Barbra Streisand
barbera straiesand,Barbra Streisand
barbera straisand,Barbra Streisand
barbera streiesand,Barbra Streisand
barbera streisand,Barbra Streisand
barbera striesand,Barbra Streisand
barbera strisand,Barbra Streisand
barrack obama,barack Obama
basket ball,basketball
basket balls,basketballs
be able have,be able to have
be it's,be its
be it`s,be its
be it’s,be its
became dependant on,became dependent on
became know as,became known as
became know for,became known for
became knowed as,became known as
became knowed for,became known for
became knows as,became known as
became knows for,became known for
becames dependant on,becames dependent on
become dependant on,become dependent on
becomes dependant on,becomes dependent on
been know as,been known as
been know for,been known for
been knowed as,been known as
been knowed for,been known for
been knows as,been known as
been knows for,been known for
below it's,below its
below it`s,below its
below it’s,below its
benny anderson,Benny Andersson
best know as,best known as
best know for,best known for
best knowed as,best known as
best knowed for,best known for
best knows as,best known as
best knows for,best known for
better know as,better known as
better know for,better known for
better knowed as,better known as
better knowed for,better known for
better knows as,better known as
better knows for,better known for
better then,better than
between he and,between him and
between it's,between its
between it`s,between its
between it’s,between its
between she and,between her and
beware off,beware of
beyond it's,beyond its
beyond it`s,beyond its
beyond it’s,beyond its
bigger then,bigger than
billie holliday,Billie Holiday
billy holiday,Billie Holiday
billy holliday,Billie Holiday
birth place,birthplace
bjorn ulvaeus,Björn Ulvaeus
blu ray,blu-ray
bnai b'rith,B'nai B'rith
bnai brith,B'nai B'rith
bnai b’rith,B'nai B'rith
bone thugs and harmony,Bone Thugs-n-Harmony
bone thugs n harmony,Bone Thugs-n-Harmony
both it's,both its
both it’s,both its
boys 11 men,Boyz II Men
boys 2 men,Boyz II Men
boys ii men,Boyz II Men
boys to men,Boyz II Men
boyz 11 men,Boyz II Men
boyz 2 men,Boyz II Men
boyz to men,Boyz II Men
branwell bronte,Branwell Brontë
brazilian jiujitsu,brazilian jiu-jitsu
brazilian ju jitsu,brazilian jiu-jitsu
brazilian ju-jitsu,brazilian jiu-jitsu
brazilian jujitsu,brazilian jiu-jitsu
brazillian jiu jitsu,brazilian jiu-jitsu
brazillian jiujitsu,brazilian jiu-jitsu
brazillian ju jitsu,brazilian jiu-jitsu
brazillian ju-jitsu,brazilian jiu-jitsu
brazillian jujitsu,brazilian jiu-jitsu
brian ferry,Bryan Ferry
britanica online,Britannica Online
britanicca online,Britannica Online
british colombia,British Columbia
brittanica online,Britannica Online
bronte family,Brontë Family
bronte sisters,Brontë Sisters
burkina fasso,burkina Faso
but know as,but known as
but know for,but known for
but knowed as,but known as
but knowed for,but known for
but knows as,but known as
but knows for,but known for
by it's,by its
by it`s,by its
by it’s,by its
b’nai b'rith,B'nai B'rith
b’nai brith,B'nai B'rith
b’nai b’rith,B'nai B'rith
c day lewis,C Day-Lewis
c'est a dire,c'est-à-dire
c. day lewis,C. Day-Lewis
cabinet minster,Cabinet Minister
cabinet minsters,Cabinet Ministers
cannon ball,cannonball
cannon balls,cannonballs
carl philip emanuel bach,carl Philipp Emanuel Bach
carl philipp emmanuel bach,carl Philipp Emanuel Bach
carl phillip emanuel bach,carl Philipp Emanuel Bach
carl phillip emmanuel bach,carl Philipp Emanuel Bach
carl phillipp emanuel bach,carl Philipp Emanuel Bach
castile and leon,Castile and León
cecil b. de mille,Cecil B. DeMille
cecil day lewis,Cecil Day-Lewis
celebrate it's,celebrate its
celebrate it’s,celebrate its
celebrated it's,celebrated its
celebrated it’s,celebrated its
celebrates it's,celebrates its
celebrates it`s,celebrates its
celebrates it’s,celebrates its
celebrating it's,celebrating its
celebrating it’s,celebrating its
cesar franck,César Franck
cesar frank,César Franck
chalk full,chock-full
charge d'affaires,Chargé d'Affaires
charge d’affaires,Chargé d'Affaires
chargé d’affaires,Chargé d'Affaires
charlotte bronte,Charlotte Brontë
chef d'oeuvre,chef-d'œuvre
chef d’oeuvre,chef-d’œuvre
chefs d'oeuvre,chefs-d'œuvre
chefs d’oeuvre,chefs-d’œuvre
chefs d’oeuvres,chefs-d’œuvre
chefs d’œuvres,chefs-d’œuvre
chief minster,Chief Minister
chief minsters,Chief Ministers
class mate,classmate
class mates,classmates
coca cola,Coca-Cola
commonly know as,commonly known as
commonly know for,commonly known for
commonly knowed as,commonly known as
commonly knowed for,commonly known for
commonly knows as,commonly known as
commonly knows for,commonly known for
congregate together,congregate
congregated together,congregated
congregates together,congregates
congregating together,congregating
corona virus,coronavirus
cote chalonnaise,Côte Chalonnaise
cote d'argent,Côte d'Argent
cote d'azur,Côte d'Azur
cote d'opale,Côte d'Opale
cote d'or,Côte d'Or
cote d`argent,Côte d`Argent
cote d`azur,Côte d`Azur
cote d`ivoire,Côte d'Ivoire
cote d`opale,Côte d`Opale
cote d`or,Côte d`Or
cote de beaune,Côte de Beaune
cote de brouilly,Côte de Brouilly
cote de granit,Côte de Granit
cote de nuits,Côte de Nuits
cote des landes,Côte des Landes
cote d’argent,Côte d’Argent
cote d’azur,Côte d’Azur
cote d’ivoire,Côte d'Ivoire
cote d’opale,Côte d’Opale
cote d’or,Côte d’Or
cote fleurie,Côte Fleurie
cote saint-luc,Côte Saint-Luc
cotes de bourg,Côtes de Bourg
cotes de duras,Côtes de Duras
cotes de gascogne,Côtes de Gascogne
cotes de toul,Côtes de Toul
cotes du marmandais,Côtes du Marmandais
cotes du rhone,Côtes du Rhone
cotes du rhône,Côtes du Rhône
cotes du ventoux,Côtes du Ventoux
could care less,couldn't care less
could had been,could have been
could had given,could have given
could of been,could have been
could of given,could have given
could of had,could have had
could should,should
counter balance,counterbalance
counter balanced,counterbalanced
counter balances,counterbalances
counter balancing,counterbalancing
coup d eta,Coup D'état
coup d etat,Coup D'état
coup d êta,Coup D'état
coup d êtat,Coup D'état
coup d' eta,Coup D'état
coup d' etat,Coup D'état
coup d' êta,Coup D'état
coup d' êtat,Coup D'état
coup d'eta,Coup D'état
coup d'etat,Coup D'État
coup d'êta,Coup D'état
coup d'êtat,Coup D'état
coup d` eta,Coup D'état
coup d` etat,Coup D'état
coup d` êta,Coup D'état
coup d` êtat,Coup D'état
coup d`eta,Coup D'état
coup d`etat,Coup D'État
coup d`êta,Coup D'état
coup d`êtat,Coup D'état
coup deta,Coup D'état
coup detat,Coup D'état
coup dêta,Coup D'état
coup dêtat,Coup D'état
coups d eta,Coups D'état
coups d etat,Coups D'état
coups d êta,Coups D'état
coups d êtat,Coups D'état
coups d' eta,Coups D'état
coups d' etat,Coups D'état
coups d' êta,Coups D'état
coups d' êtat,Coups D'état
coups d'eta,Coups D'état
coups d'etat,Coups D'État
coups d'êta,Coups D'état
coups d'êtat,Coups D'état
coups d` eta,Coups D'état
coups d` etat,Coups D'état
coups d` êta,Coups D'état
coups d` êtat,Coups D'état
coups d`eta,Coups D'état
coups d`etat,Coups D'État
coups d`êta,Coups D'état
coups d`êtat,Coups D'état
coups deta,Coups D'état
coups detat,Coups D'état
coups dêta,Coups D'état
coups dêtat,Coups D'état
courage competition,Courage Compétition
côte d`ivoire,Côte d'Ivoire
côte d’ivoire,Côte d'Ivoire
daniel day lewis,Daniel Day-Lewis
danny de vito,Danny DeVito
dante aligheiri,Dante Alighieri
dante aligheri,Dante Alighieri
dante alighire,Dante Alighieri
dante alighirei,Dante Alighieri
daphne dumaurier,Daphne du Maurier
day where,day when
days where,days when
debtor's prison,debtors' prison
debtors prison,debtors' prison
defence minster,Defence Minister
defence minsters,Defence Ministers
defense minster,Defense Minister
defense minsters,Defense Ministers
dejà vu,Déjà Vu
democratic peoples republic of korea,democratic People's Republic of Korea
dependant upon,dependent upon
der freischutz,Der Freischütz
despite of,despite
devil p,develop
devl p,develop
diary allergies,dairy allergies
diary allergy,dairy allergy
diary cattle,dairy cattle
diary council,dairy council
diary farm,dairy farm
diary farmer,dairy farmer
diary farmers,dairy farmers
diary farming,dairy farming
diary farms,dairy farms
diary food,dairy food
diary foods,dairy foods
diary milk,dairy milk
diary product,dairy product
diary products,dairy products
diary queen,dairy queen
dinning area,dining area
dinning areas,dining areas
dinning car,dining car
dinning cars,dining cars
dinning club,dining club
dinning clubs,dining clubs
dinning hall,dining hall
dinning halls,dining halls
dinning room,dining room
dinning rooms,dining rooms
dinning table,dining table
dinning tables,dining tables
disney land,disneyland
disney land,disneyland
disney land,disneyland
disney land,disneyland
do's and don'ts,dos and don'ts
do's and don'ts,dos and don'ts
dom de louise,Dom DeLuise
dom de luise,Dom DeLuise
dom delouise,Dom DeLuise
don t,don't
down stairs,downstairs
du coté,du côté
duckworth lewis method,Duckworth–Lewis method
duckworth-lewis method,Duckworth–Lewis method
duckworth/lewis method,Duckworth–Lewis method
due to due to,due to
dunkin donuts,dunkin' donuts
during her life time,during her lifetime
during her life-time,during her lifetime
during his life time,during his lifetime
during his life-time,during his lifetime
during it's,during its
during it`s,during its
during its life time,during its lifetime
during its life-time,during its lifetime
during it’s,during its
during their life time,during their lifetime
during their life-time,during their lifetime
duringherlife time,duringher lifetime
duringhislife time,duringhis lifetime
duringitslife time,duringits lifetime
duringtheirlife time,duringtheir lifetime
déja vu,Déjà Vu
e mail,e-mail
easier then,easier than
easy than,easier than
ecole nationale superieure des beaux art,école nationale supérieure des Beaux-Arts
ecole nationale superieure des beaux arts,école nationale supérieure des Beaux-Arts
ecole nationale superieure des beaux-art,école nationale supérieure des Beaux-Arts
ecole nationale superieure des beaux-arts,école nationale supérieure des Beaux-Arts
ecole nationale supérieure des beaux art,école nationale supérieure des Beaux-Arts
ecole nationale supérieure des beaux arts,école nationale supérieure des Beaux-Arts
ecole nationale supérieure des beaux-art,école nationale supérieure des Beaux-Arts
ecole nationale supérieure des beaux-arts,école nationale supérieure des Beaux-Arts
edinburgh encyclopaedia,Edinburgh Encyclopædia
edinburgh encyclopdia,Edinburgh Encyclopædia
edinburgh encyclopedia,Edinburgh Encyclopædia
edmund hilary,Edmund Hillary
eight fold,eightfold
eight year old boy,eight-year-old boy
eight year old bridge,eight-year-old bridge
eight year old brother,eight-year-old brother
eight year old building,eight-year-old building
eight year old church,eight-year-old church
eight year old college,eight-year-old college
eight year old company,eight-year-old company
eight year old daughter,eight-year-old daughter
eight year-old boy,eight-year-old boy
eight year-old bridge,eight-year-old bridge
eight year-old brother,eight-year-old brother
eight year-old building,eight-year-old building
eight year-old church,eight-year-old church
eight year-old college,eight-year-old college
eight year-old company,eight-year-old company
eight year-old daughter,eight-year-old daughter
eight-year old boy,eight-year-old boy
eight-year old bridge,eight-year-old bridge
eight-year old brother,eight-year-old brother
eight-year old building,eight-year-old building
eight-year old church,eight-year-old church
eight-year old college,eight-year-old college
eight-year old company,eight-year-old company
eight-year old daughter,eight-year-old daughter
eighth year anniversary,eighth anniversary
eighth-year anniversary,eighth anniversary
eighty year's war,Eighty Years' War
eighty year's' war,Eighty Years' War
eighty year's’ war,Eighty Years' War
eighty years war,Eighty Years' War
eighty years’ war,Eighty Years' War
eighty year’s war,Eighty Years' War
eighty year’s' war,Eighty Years' War
eighty year’s’ war,Eighty Years' War
either made either,either made
eleven fold,elevenfold
ellen de generes,Ellen DeGeneres
ellen de generis,Ellen DeGeneres
ellen degeneris,Ellen DeGeneres
ellen di generes,Ellen DeGeneres
ellen di generis,Ellen DeGeneres
ellen digeneres,Ellen DeGeneres
ellen digeneris,Ellen DeGeneres
emerge out of,emerge from
emile zola,émile Zola
emily bronte,Emily Brontë
emirats arabes unis,émirats arabes unis
en mass,en masse
en quelques sortes,en quelque sorte
en terme de,en termes de
encyclopadia britania,Encyclopædia Britannica
encyclopadia britanica,Encyclopædia Britannica
encyclopadia britanicca,Encyclopædia Britannica
encyclopadia brittanica,Encyclopædia Britannica
encyclopaedia britania,Encyclopædia Britannica
encyclopaedia britanica,Encyclopædia Britannica
encyclopaedia britanicca,Encyclopædia Britannica
encyclopaedia brittanica,Encyclopædia Britannica
encyclopaedia iranica,Encyclopædia Iranica
encyclopaedia metropolitana,Encyclopædia Metropolitana
encyclopdia britania,Encyclopædia Britannica
encyclopdia britanica,Encyclopædia Britannica
encyclopdia britanicca,Encyclopædia Britannica
encyclopdia brittanica,Encyclopædia Britannica
encyclopdia judaica,Encyclopaedia Judaica
encyclopedia britania,Encyclopædia Britannica
encyclopedia britanica,Encyclopædia Britannica
encyclopedia britanicca,Encyclopædia Britannica
encyclopedia brittanica,Encyclopædia Britannica
encyclopedia iranica,Encyclopædia Iranica
encyclopedia judaica,Encyclopaedia Judaica
encyclopedia metropolitana,Encyclopædia Metropolitana
encyclopædia britania,Encyclopædia Britannica
encyclopædia britanica,Encyclopædia Britannica
encyclopædia britanicca,Encyclopædia Britannica
encyclopædia brittanica,Encyclopædia Britannica
encyclopædia judaica,Encyclopaedia Judaica
encyclpadia britania,Encyclopædia Britannica
encyclpadia britanica,Encyclopædia Britannica
encyclpadia britanicca,Encyclopædia Britannica
encyclpadia brittanica,Encyclopædia Britannica
encyclpaedia britania,Encyclopædia Britannica
encyclpaedia britanica,Encyclopædia Britannica
encyclpaedia britanicca,Encyclopædia Britannica
encyclpaedia brittanica,Encyclopædia Britannica
encyclpdia britania,Encyclopædia Britannica
encyclpdia britanica,Encyclopædia Britannica
encyclpdia britanicca,Encyclopædia Britannica
encyclpdia brittanica,Encyclopædia Britannica
encyclpedia britania,Encyclopædia Britannica
encyclpedia britanica,Encyclopædia Britannica
encyclpedia britanicca,Encyclopædia Britannica
encyclpedia brittanica,Encyclopædia Britannica
encyclpædia britania,Encyclopædia Britannica
encyclpædia britanica,Encyclopædia Britannica
encyclpædia britanicca,Encyclopædia Britannica
encyclpædia brittanica,Encyclopædia Britannica
entre autre,entre autres
envelope him,envelop him
envelope me,envelop me
envelope them,envelop them
envelope us,envelop us
envelopes him,envelops him
envelopes me,envelops me
envelopes them,envelops them
envelopes us,envelops us
errol garner,Erroll Garner
etats unis,états-Unis
eugene delacroix,Eugène Delacroix
eugene ionesco,Eugène Ionesco
eugene labiche,Eugène Labiche
eugene marin labiche,Eugène Marin Labiche
eva peron,Eva Perón
ex boyfriend,ex-boyfriend
ex boyfriends,ex-boyfriends
ex girlfriend,ex-girlfriend
ex girlfriends,ex-girlfriends
ex husband,ex-husband
ex husbands,ex-husbands
ex wife,ex-wife
ex wives,ex-wives
explaint hat,explain that
extra curricular,extracurricular
extract her revenge,exact her revenge
extract his revenge,exact his revenge
extract revenge,exact revenge
extracted her revenge,exacted her revenge
extracted his revenge,exacted his revenge
extracted revenge,exacted revenge
extracting her revenge,exacting her revenge
extracting his revenge,exacting his revenge
extracting revenge,exacting revenge
extracts her revenge,exacts her revenge
extracts his revenge,exacts his revenge
extracts revenge,exacts revenge
fair better,fare better
fair poorly,fare poorly
fair so well,fare so well
fair well,fare well
faired as well,fared as well
faired better,fared better
faired poorly,fared poorly
faired so well,fared so well
faired well,fared well
fairing as well,faring as well
fairing better,faring better
fairing poorly,faring poorly
fairing so well,faring so well
fairing well,faring well
fairs better,fares better
fairs poorly,fares poorly
fairs so well,fares so well
fairs well,fares well
fast paced,fast-paced
fed ex,FedEx
ferenc molnar,Ferenc Molnár
fifteen fold,fifteenfold
fifth year anniversary,fifth anniversary
fifth-year anniversary,fifth anniversary
fifty fold,fiftyfold
fifty thousands of,fifty thousand
finance minster,finance Minister
finance minsters,finance Ministers
fire place,fireplace
fire places,fireplaces
first come / first serve,"first-come, first-served"
first come first serve,"first-come, first-served"
first come-first serve,"first-come, first-served"
first year anniversary,first anniversary
first-year anniversary,first anniversary
fist aid,first aid
fist base,first base
fist born,first born
fist class,first class
fist floor,first floor
fist floors,first floors
fist hand,first hand
fist lady,first lady
fist ly,first ly
fist person,first person
fist persons,first persons
fist place,first place
fist places,first places
fist rate,first rate
fist rater,first rater
fist round,first round
fist sergeant,first sergeant
fist sergeants,first sergeants
fist string,first string
fist time,first time
fist water,first water
fist year,first year
five fold,fivefold
five year old boy,five-year-old boy
five year old bridge,five-year-old bridge
five year old brother,five-year-old brother
five year old building,five-year-old building
five year old church,five-year-old church
five year old college,five-year-old college
five year old company,five-year-old company
five year old daughter,five-year-old daughter
five year-old boy,five-year-old boy
five year-old bridge,five-year-old bridge
five year-old brother,five-year-old brother
five year-old building,five-year-old building
five year-old church,five-year-old church
five year-old college,five-year-old college
five year-old company,five-year-old company
five year-old daughter,five-year-old daughter
five-year old boy,five-year-old boy
five-year old bridge,five-year-old bridge
five-year old brother,five-year-old brother
five-year old building,five-year-old building
five-year old church,five-year-old church
five-year old college,five-year-old college
five-year old company,five-year-old company
five-year old daughter,five-year-old daughter
flat mate,flatmate
flat mates,flatmates
foi gras,Foie Gras
fois gras,Foie Gras
foot - ball,football
foot ball,football
foot balls,footballs
for awhile,for a while
for it's patients,for its patients
for it's repairs,for its repairs
for the for the,for the
for united states,for the United States
foreign minster,foreign Minister
foreign minsters,foreign Ministers
forth of july,Fourth of July
forty fold,fortyfold
four fold,fourfold
four year old boy,four-year-old boy
four year old bridge,four-year-old bridge
four year old brother,four-year-old brother
four year old building,four-year-old building
four year old church,four-year-old church
four year old college,four-year-old college
four year old company,four-year-old company
four year old daughter,four-year-old daughter
four year-old boy,four-year-old boy
four year-old bridge,four-year-old bridge
four year-old brother,four-year-old brother
four year-old building,four-year-old building
four year-old church,four-year-old church
four year-old college,four-year-old college
four year-old company,four-year-old company
four year-old daughter,four-year-old daughter
four-year old boy,four-year-old boy
four-year old bridge,four-year-old bridge
four-year old brother,four-year-old brother
four-year old building,four-year-old building
four-year old church,four-year-old church
four-year old college,four-year-old college
four-year old company,four-year-old company
four-year old daughter,four-year-old daughter
fourth year anniversary,fourth anniversary
fourth-year anniversary,fourth anniversary
franche comte,Franche-Comté
franche comté,Franche-Comté
frank devol,Frank De Vol
franz lehar,Franz Lehár
frederick law olmstead,Frederick Law Olmsted
free standing,freestanding
frist aid,first aid
frist base,first base
frist born,first born
frist class,first class
frist floor,first floor
frist floors,first floors
frist hand,first hand
frist lady,first lady
frist ly,first ly
frist person,first person
frist persons,first persons
frist place,first place
frist places,first places
frist rate,first rate
frist rater,first rater
frist round,first round
frist sergeant,first sergeant
frist sergeants,first sergeants
frist string,first string
frist time,first time
frist year,first year
from it's,from its
from it`s,from its
from it’s,from its
from project from project,from project to project
from united states,from the United States
frost bite,frostbite
frost bitten,frostbitten
fuentes de onoro,Fuentes de Oñoro
full fledged,full-fledged
fullbright program,fulbright program
fullbright programs,fulbright programs
fullbright scholar,Fulbright Scholar
fullbright scholars,Fulbright Scholars
fullbright scholarship,Fulbright Scholarship
fullbright scholarships,Fulbright Scholarships
fund raising,fund-raising
game winning goal,game-winning goal
game winning hit,game-winning hit
game winning home,game-winning home
game winning move,game-winning move
game winning play,game-winning play
gene depaul,Gene de Paul
general motor's,General Motors'
generally know as,generally known as
generally know for,generally known for
generally knowed as,generally known as
generally knowed for,generally known for
generally knows as,generally known as
generally knows for,generally known for
gerard depardieu,Gérard Depardieu
glen miller,Glenn Miller
go hand hand,go hand in hand
goes hand hand,goes hand in hand
grace au,grâce au
grace à,grâce à
grand daughters,granddaughters
greater then,greater than
greg allman,Gregg Allman
grief stricken,grief-stricken
guiseppe anselmi,Giuseppe Anselmi
guiseppe garibaldi,Giuseppe Garibaldi
guiseppe peano,Giuseppe Peano
guiseppe tartini,Giuseppe Tartini
guiseppe verdi,Giuseppe Verdi
gun powder,gunpowder
h m stationary office,H M Stationery Office
h m. stationary office,H M. Stationery Office
h. m stationary office,H. M Stationery Office
h. m. stationary office,H. M. Stationery Office
h.m stationary office,H.M Stationery Office
h.m. stationary office,H.M. Stationery Office
had ran,had run
hand - ball,handball
hand ball,handball
hand balls,handballs
hand written,handwritten
hans christian anderson,Hans Christian Andersen
hatchette book group,Hachette Book Group
have otherwise have,otherwise have
heavier then,heavier than
her majesty's stationary office,Her Majesty's Stationery Office
her majestys stationary office,Her Majestys Stationery Office
her up coming,her upcoming
here is different ways,here are different ways
higher then,higher than
highly trained highly trained,highly trained
hilary clinton,Hillary Clinton
hilary dupre,Hilary du Pré
hilary dupreè,Hilary du Pré
hilary dupreèe,Hilary du Pré
hilary dupreé,Hilary du Pré
hilary duprè,Hilary du Pré
hilary duprèe,Hilary du Pré
hilary duprée,Hilary du Pré
hilary dupréeé,Hilary du Pré
hilary rodham clinton,Hillary Rodham Clinton
hillary duff,Hilary Duff
hillary swank,Hilary Swank
his majesty's stationary office,His Majesty's Stationery Office
his majestys stationary office,His Majestys Stationery Office
his up coming,his upcoming
hm stationary office,HM Stationery Office
hm. stationary office,HM. Stationery Office
home owner,homeowner
home owners,homeowners
hugo chavez,Hugo Chávez
humphrey lyttleton,Humphrey Lyttelton
hund reds,hundreds
hundred fold,hundredfold
hundred year's war,Hundred Years' War
hundred year's' war,Hundred Years' War
hundred year's’ war,Hundred Years' War
hundred years war,Hundred Years' War
hundred years’ war,Hundred Years' War
hundred year’s war,Hundred Years' War
hundred year’s' war,Hundred Years' War
hundred year’s’ war,Hundred Years' War
i also starting,i'm also starting
i b taurus,i.B. Tauris
i.b taurus,I.B. Tauris
i.b. taurus,I.B. Tauris
ib taurus,I.B. Tauris
ib. taurus,I.B. Tauris
iime where,iime when
iimes where,iimes when
iin the,in the
il peuvent,ils peuvent
ill adapted,ill-adapted
ill advised,ill-advised
ill calculated,ill-calculated
ill conceived,ill-conceived
ill considered,ill-considered
ill defined,ill-defined
ill digested,ill-digested
ill disposed,ill-disposed
ill equipped,ill-equipped
ill executed,ill-executed
ill fated,ill-fated
ill informed,ill-informed
ill mannered,ill-mannered
ill planned,ill-planned
ill prepared,ill-prepared
ill received,ill-received
ill reputed,ill-reputed
ill served,ill-served
ill suited,ill-suited
ill tempered,ill-tempered
in caribbean,in the Caribbean
in her life time,in her lifetime
in her life-time,in her lifetime
in hhilippines,in the hphilippines
in his life - time,in his lifetime
in his life time,in his lifetime
in his life-time,in his lifetime
in it's intent,in its intent
in it's operations,in its operations
in it's,in its
in it`s,in its
in its life time,in its lifetime
in its life-time,in its lifetime
in it’s,in its
in philippines,in the Philippines
in regards to,in regard to
in settings in settings,in settings
in sofar,insofar
in tact,intact
in their life time,in their lifetime
in their life-time,in their lifetime
in united states,in the United States
indira gahndi,Indira Gandhi
indira ghandi,Indira Gandhi
inherlife time,inher lifetime
inhislife time,inhis lifetime
initslife time,inits lifetime
inso far,insofar
int he,in the
inter tribal,intertribal
intheirlife time,intheir lifetime
into it's,into its
into it`s,into its
into it’s,into its
iris dupre,Iris du Pré
iris dupreè,Iris du Pré
iris dupreèe,Iris du Pré
iris dupreé,Iris du Pré
iris duprè,Iris du Pré
iris duprèe,Iris du Pré
iris duprée,Iris du Pré
iris dupréeé,Iris du Pré
is expose to,is exposed to
is force to,is forced to
is highly dependant on,is highly dependent on
is know as,is known as
is know for,is known for
is knowed as,is known as
is knowed for,is known for
is knows as,is known as
is knows for,is known for
is not expose to,is not exposed to
is not force to,is not forced to
is not oppose to,is not opposed to
is not propose to,is not proposed to
is not suppose to,is not supposed to
is not use to,is not used to
is only dependant on,is only dependent on
is oppose to,is opposed to
is propose to,is proposed to
is suppose to,is supposed to
is use to,is used to
isabel peron,Isabel Perón
isn't expose to,isn't exposed to
isn't force to,isn't forced to
isn't oppose to,isn't opposed to
isn't propose to,isn't proposed to
isn't suppose to,isn't supposed to
isn't use to,isn't used to
isn’t expose to,isn’t exposed to
isn’t force to,isn’t forced to
isn’t oppose to,isn’t opposed to
isn’t propose to,isn’t proposed to
isn’t suppose to,isn’t supposed to
isn’t use to,isn’t used to
isn′t expose to,isn′t exposed to
isn′t force to,isn′t forced to
isn′t oppose to,isn′t opposed to
isn′t propose to,isn′t proposed to
isn′t suppose to,isn′t supposed to
isn′t use to,isn′t used to
it also one,it is also one
it it could,it could
it it does,it does
it it should,it should
it it will,it will
it it would,it would
it it,it is
it's apex,its apex
it's cause,its cause
it's causes,its causes
it's doors,its doors
it's downfall,its downfall
it's founder,its founder
it's founders,its founders
it's inception,its inception
it's inceptions,its inceptions
it's origin,its origin
it's origins,its origins
it's other factors,its other factors
it's own,its own
it's physical state,its physical state
it's pinnacle,its pinnacle
it's policies,its policies
it's pupose,its purpose
it's purpose,its purpose
it's reason,its reason
it's reasons,its reasons
it's various locations,its various locations
it's zenith,its zenith
it`s apex,its apex
it`s cause,its cause
it`s causes,its causes
it`s doors,its doors
it`s downfall,its downfall
it`s founder,its founder
it`s founders,its founders
it`s inception,its inception
it`s inceptions,its inceptions
it`s origin,its origin
it`s origins,its origins
it`s own,its own
it`s pinnacle,its pinnacle
it`s policies,its policies
it`s reason,its reason
it`s reasons,its reasons
it`s zenith,its zenith
its has,it has
its up coming,its upcoming
it’s apex,its apex
it’s cause,its cause
it’s causes,its causes
it’s doors,its doors
it’s downfall,its downfall
it’s founder,its founder
it’s founders,its founders
it’s inception,its inception
it’s inceptions,its inceptions
it’s origin,its origin
it’s origins,its origins
it’s own,its own
it’s pinnacle,its pinnacle
it’s policies,its policies
it’s reason,its reason
it’s reasons,its reasons
it’s zenith,its zenith
jacqueline dupre,Jacqueline du Pré
jacqueline dupreè,Jacqueline du Pré
jacqueline dupreèe,Jacqueline du Pré
jacqueline dupreé,Jacqueline du Pré
jacqueline duprè,Jacqueline du Pré
jacqueline duprèe,Jacqueline du Pré
jacqueline duprée,Jacqueline du Pré
jacqueline dupréeé,Jacqueline du Pré
janelle monae,Janelle Monáe
jean claude van damme,Jean-Claude Van Damme
jeux video,jeux vidéo
jeux videos,jeux vidéos
joan miro,Joan Miró
john hopkin university,Johns Hopkins University
john hopkins university,Johns Hopkins University
john's hopkin university,Johns Hopkins University
john's hopkins university,Johns Hopkins University
johnny halliday,Johnny Hallyday
john′s hopkin university,Johns Hopkins University
john′s hopkins university,Johns Hopkins University
jose ferrer,José Ferrer
josè ferrer,José Ferrer
juan domingo peron,Juan Domingo Perón
juan peron,Juan Perón
juan ponce de leon,Juan Ponce de León
juniors varsity,junior varsity
juris prudence,jurisprudence
karl philip emannuel bach,Carl Philipp Emanuel Bach
karl philip emannuell bach,Carl Philipp Emanuel Bach
karl philip emanuel bach,Carl Philipp Emanuel Bach
karl philip emanuell bach,Carl Philipp Emanuel Bach
karl philip emmannuel bach,Carl Philipp Emanuel Bach
karl philip emmannuell bach,Carl Philipp Emanuel Bach
karl philip emmanuel bach,Carl Philipp Emanuel Bach
karl philip emmanuell bach,Carl Philipp Emanuel Bach
karl philipp emannuel bach,Carl Philipp Emanuel Bach
karl philipp emannuell bach,Carl Philipp Emanuel Bach
karl philipp emanuel bach,Carl Philipp Emanuel Bach
karl philipp emanuell bach,Carl Philipp Emanuel Bach
karl philipp emmannuel bach,Carl Philipp Emanuel Bach
karl philipp emmannuell bach,Carl Philipp Emanuel Bach
karl philipp emmanuel bach,Carl Philipp Emanuel Bach
karl philipp emmanuell bach,Carl Philipp Emanuel Bach
karl phillip emannuel bach,Carl Philipp Emanuel Bach
karl phillip emannuell bach,Carl Philipp Emanuel Bach
karl phillip emanuel bach,Carl Philipp Emanuel Bach
karl phillip emanuell bach,Carl Philipp Emanuel Bach
keep it's,keep its
keep it`s,keep its
keep it’s,keep its
key arena,KeyArena
key words,keywords
king philips war,King Philip's War
king philip’s war,King Philip's War
king phillip's war,King Philip's War
king phillips war,King Philip's War
king phillip’s war,King Philip's War
kingdom of leon,Kingdom of León
kings lynn,King's Lynn
kingston on thames,Kingston upon Thames
kingston on-thames,Kingston upon Thames
kingston upon-thames,Kingston upon Thames
kingston-on thames,Kingston upon Thames
kingston-upon thames,Kingston upon Thames
kirsty mccoll,Kirsty MacColl
kirsty mcoll,Kirsty MacColl
kitchen skink,kitchen sink
koppen climate classification,köppen climate classification
kveta peschke,Květa Peschke
l'age d'or,l'Âge d'or
l'age d`or,l'Âge d'or
l'age d’or,l'Âge d'or
l'âge d`or,l'Âge d'or
l'âge d’or,l'Âge d'or
la boheme,La Bohème
la tene,La Tène
labor intensive,labor-intensive
labour intensive,labour-intensive
land mark,landmark
land marks,landmarks
larger then,larger than
las angelas,los Angeles
las angeles,los Angeles
las angels,los Angeles
las angles,los Angeles
last weeks episode,last week's episode
last weeks' episode,last week's episode
last weeks’ episode,last week's episode
law maker,lawmaker
law makers,lawmakers
law suit,lawsuit
law suits,lawsuits
laying around,lying around
legion d'honneur,légion d'honneur
legion d`honneur,légion d'honneur
leonardo davinci,Leonardo da Vinci
leonardo de caprio,Leonardo DiCaprio
leonardo de vinci,Leonardo da Vinci
leonardo decaprio,Leonardo DiCaprio
leonardo devinci,Leonardo da Vinci
leonardo di caprio,Leonardo DiCaprio
leos janacek,Leoš Janáček
leos janaček,Leoš Janáček
leos janàcek,Leoš Janáček
leos janàček,Leoš Janáček
leos janácek,Leoš Janáček
leos janáček,Leoš Janáček
leos janãcek,Leoš Janáček
leos janãček,Leoš Janáček
leos janäcek,Leoš Janáček
leos janäček,Leoš Janáček
leos janācek,Leoš Janáček
leos janāček,Leoš Janáček
leos janăcek,Leoš Janáček
leos janăček,Leoš Janáček
leos janǎcek,Leoš Janáček
leos janǎček,Leoš Janáček
les miserables,Les Misérables
les tous premiers,les tout premiers
leser antilles,Lesser Antilles
less people,fewer people
less then,less than
lesser then,lesser than
life long,lifelong
life threatening,life-threatening
life time achievement,lifetime Achievement
life time ban,lifetime Ban
life time member,lifetime Member
life timeachievement,Lifetime Achievement
life timeban,Lifetime Ban
life timemember,Lifetime Member
life-time achievement,lifetime Achievement
life-time ban,lifetime ban
life-time member,lifetime Member
limitations of limitations of,limitations of
liv ullman,Liv Ullmann
liv ulman,Liv Ullmann
liza minelli,Liza Minnelli
lloyds of london,Lloyd's of London
long awaited,long-awaited
longer then,longer than
loosing on penalties,losing on penalties
los angelas,los Angeles
los angels,los Angeles
los angles,los Angeles
low than,lower than
lower class background,lower-class background
lower class backgrounds,lower-class backgrounds
lower class families,lower-class families
lower class family,lower-class family
lower class homes,lower-class homes
lower class neighborhood,lower-class neighborhood
lower class neighborhoods,lower-class neighborhoods
lower class neighbourhood,lower-class neighbourhood
lower class neighbourhoods,lower-class neighbourhoods
lower class people,lower-class people
lower middle-class background,lower-middle-class background
lower middle-class backgrounds,lower-middle-class backgrounds
lower middle-class families,lower-middle-class families
lower middle-class family,lower-middle-class family
lower middle-class neighborhood,lower-middle-class neighborhood
lower middle-class neighborhoods,lower-middle-class neighborhoods
lower middle-class neighbourhood,lower-middle-class neighbourhood
lower middle-class neighbourhoods,lower-middle-class neighbourhoods
lower middle-class people,lower-middle-class people
lower then,lower than
ludvig van beethoven,Ludwig van Beethoven
ludvig von beethoven,Ludwig van Beethoven
ludwig von beethoven,Ludwig van Beethoven
luiz inacio lula da silva,Luiz Inácio Lula da Silva
made in made in,made in
made it's,made its
made it’s,made its
mahatma gahndi,Mahatma Gandhi
mahatma ghandi,Mahatma Gandhi
marshal islands,Marshall Islands
mason dixon line,Mason–Dixon line
mason-dixon line,Mason–Dixon line
mass produce,mass-produce
mass produced,mass-produced
mass produces,mass-produces
mass producing,mass-producing
master degree,master's degree
master degree,master's degree
master degrees,master's degrees
master' degree,master's degree
master' degrees,master's degrees
masters degree,master's degree
masters degrees,master's degrees
masters' degree,master's degree
masters' degrees,master's degrees
medaile militaire,médaille militaire
medium sized,medium-sized
mel torme,Mel Tormé
members od,members of
memberships prices,membership prices
menage a trois,ménage à trois
menage à trois,ménage à trois
menage á trois,ménage à trois
mens and women's,men's and women's
mens and womens,men's and womens
mens baseball,men's baseball
mens basketball,men's basketball
mens clothing,men's clothing
mens crew,men's crew
mens fitness,men's fitness
mens golf,men's golf
mens health,men's health
mens journal,men's journal
mens lacrosse,men's lacrosse
mens magazine,men's magazine
mens room,men's room
mens rooms,men's rooms
mens sport,men's sport
mens sports,men's sports
mens team,men's team
mens teams,men's teams
mens tennis,men's tennis
mens' and women's,men's and women's
mens' and womens,men's and womens
mens' baseball,men's baseball
mens' basketball,men's basketball
mens' clothing,men's clothing
mens' crew,men's crew
mens' fitness,men's fitness
mens' golf,men's golf
mens' health,men's health
mens' journal,men's journal
mens' lacrosse,men's lacrosse
mens' magazine,men's magazine
mens' room,men's room
mens' sports,men's sports
mens' team,men's team
mens' teams,men's teams
mens' tennis,men's tennis
mens's and women's,men's and women's
mens's baseball,men's baseball
mens's basketball,men's basketball
mens's clothing,men's clothing
mens's crew,men's crew
mens's fitness,men's fitness
mens's golf,men's golf
mens's health,men's health
mens's journal,men's journal
mens's lacrosse,men's lacrosse
mens's magazine,men's magazine
menss baseball,men's baseball
menss basketball,men's basketball
menss clothing,men's clothing
menss crew,men's crew
menss fitness,men's fitness
menss golf,men's golf
menss health,men's health
menss journal,men's journal
menss lacrosse,men's lacrosse
menss magazine,men's magazine
merge together,merge
mexican american war,mexican–American War
mexican-american war,mexican–American War
mid point,midpoint
mid points,midpoints
middle class background,middle-class background
middle class backgrounds,middle-class backgrounds
middle class families,middle-class families
middle class family,middle-class family
middle class homes,middle-class homes
middle class neighborhood,middle-class neighborhood
middle class neighborhoods,middle-class neighborhoods
middle class neighbourhood,middle-class neighbourhood
middle class neighbourhoods,middle-class neighbourhoods
middle class people,middle-class people
midle ages,Middle Ages
mohandas gahndi,Mohandas Gandhi
mohandas ghandi,Mohandas Gandhi
mohandas k. gahndi,Mohandas K. Gandhi
mohandas k. ghandi,Mohandas K. Gandhi
month where,month when
more smaller,smaller
more thea,more than
more then,more than
most everyone,almost everyone
most of transactions,most of the transactions
mostly know as,mostly known as
mostly know for,mostly known for
mostly knowed as,mostly known as
mostly knowed for,mostly known for
mostly knows as,mostly known as
mostly knows for,mostly known for
muhammed ali,Muhammad Ali
mullerian duct,Müllerian Duct
mullerian ducts,Müllerian Ducts
mullerian hormone,müllerian hormone
mullerian hormones,müllerian hormones
mullerian tumor,müllerian tumor
mullerian tumors,müllerian tumors
musee d'orsay,Musée d'Orsay
musee de cluny,Musée de Cluny
musee de l'homme,Musée de l'Homme
musee du louvre,Musée du Louvre
musee du luxembourg,Musée du Luxembourg
musee guimet,Musée Guimet
mèdaile militaire,médaille militaire
médaile militaire,médaille militaire
ménage a trois,ménage à trois
ménage á trois,ménage à trois
mêdaile militaire,médaille militaire
national parks service,National Park Service
national parks services,National Park Service
national registry of historic places,National Register of Historic Places
navigateur internet,navigateur Web
navigateurs internet,navigateurs Web
neue zurcher zeitung,Neue Zürcher Zeitung
never the less,nevertheless
never theless,nevertheless
neverth less,nevertheless
neverthe less,nevertheless
new dehli,new Delhi
new netherlands,new Netherland
new years day,New Year's Day
new years eve,New Year's Eve
new years resolution,new year's resolution
new years' day,New Year's Day
new years' eve,New Year's Eve
new years's day,New Year's Day
new years's eve,New Year's Eve
new yearss eve,New Year's Eve
new zeland,New Zealand
new zelander,New Zealander
new zelanders,New Zealanders
newcastle - upon - tyne,newcastle upon Tyne
newcastle -upon-tyne,newcastle upon Tyne
newcastle on tyne,Newcastle upon Tyne
newcastle on-tyne,Newcastle upon Tyne
newcastle upon-tyne,Newcastle upon Tyne
newcastle-on tyne,Newcastle upon Tyne
newcastle-upon tyne,Newcastle upon Tyne
news groups,newsgroups
nick name,nickname
nick named,nicknamed
nick names,nicknames
nick naming,nicknaming
nicolo machaveli,Niccolò Machiavelli
nicolo machiaveli,Niccolò Machiavelli
nine fold,ninefold
nine year old boy,nine-year-old boy
nine year old bridge,nine-year-old bridge
nine year old brother,nine-year-old brother
nine year old building,nine-year-old building
nine year old church,nine-year-old church
nine year old college,nine-year-old college
nine year old company,nine-year-old company
nine year old daughter,nine-year-old daughter
nine year's war,Nine Years' War
nine year's' war,Nine Years' War
nine year's’ war,Nine Years' War
nine year-old boy,nine-year-old boy
nine year-old bridge,nine-year-old bridge
nine year-old brother,nine-year-old brother
nine year-old building,nine-year-old building
nine year-old church,nine-year-old church
nine year-old college,nine-year-old college
nine year-old company,nine-year-old company
nine year-old daughter,nine-year-old daughter
nine years war,Nine Years' War
nine years’ war,Nine Years' War
nine year’s war,Nine Years' War
nine year’s' war,Nine Years' War
nine year’s’ war,Nine Years' War
nine-year old boy,nine-year-old boy
nine-year old bridge,nine-year-old bridge
nine-year old brother,nine-year-old brother
nine-year old building,nine-year-old building
nine-year old church,nine-year-old church
nine-year old college,nine-year-old college
nine-year old company,nine-year-old company
nine-year old daughter,nine-year-old daughter
ninth year anniversary,ninth anniversary
ninth-year anniversary,ninth anniversary
nn regards to,nn regard to
no thing,nothing
no to relevant to,not too relevant to
noel coward,Noël Coward
non profit,nonprofit
non profit,nonprofit
none the less,nonetheless
none theless,nonetheless
noneth less,nonetheless
nonethe less,nonetheless
normally know as,normally known as
normally know for,normally known for
normally knowed as,normally known as
normally knowed for,normally known for
normally knows as,normally known as
normally knows for,normally known for
now a days,nowadays
now days,nowadays
nowa days,nowadays
nuevo leon,Nuevo León
of united states,of the United States
off shoot,offshoot
off shoots,offshoots
oft times,ofttimes
often know as,often known as
often know for,often known for
often knowed as,often known as
often knowed for,often known for
often knows as,often known as
often knows for,often known for
often times,oftentimes
older then,older than
on it's,on its
on it`s,on its
on it’s,on its
one protocols,one protocol
one year old boy,one-year-old boy
one year old bridge,one-year-old bridge
one year old brother,one-year-old brother
one year old building,one-year-old building
one year old church,one-year-old church
one year old college,one-year-old college
one year old company,one-year-old company
one year old daughter,one-year-old daughter
one year-old boy,one-year-old boy
one year-old bridge,one-year-old bridge
one year-old brother,one-year-old brother
one year-old building,one-year-old building
one year-old church,one-year-old church
one year-old college,one-year-old college
one year-old company,one-year-old company
one year-old daughter,one-year-old daughter
one-year old boy,one-year-old boy
one-year old bridge,one-year-old bridge
one-year old brother,one-year-old brother
one-year old building,one-year-old building
one-year old church,one-year-old church
one-year old college,one-year-old college
one-year old company,one-year-old company
one-year old daughter,one-year-old daughter
onto it's,onto its
onto it’s,onto its
or know as,or known as
or know for,or known for
or knowed as,or known as
or knowed for,or known for
or knows as,or known as
or knows for,or known for
ordinance board,Ordnance Board
ordinance corps,Ordnance Corps
ordinance department,Ordnance Department
ordinance group,Ordnance Group
ordinance museum,Ordnance Museum
ordinance squadron,Ordnance Squadron
ordinance survey,Ordnance Survey
ordinance testing,Ordnance Testing
out comes,outcomes
outside united states,outside the United States
over come,overcome
over it's,over its
over it`s,over its
over it’s,over its
over size,oversize
over sized,oversized
over-size,oversize
over-sized,oversized
owning to,owing to
palm d'or,Palme d'Or
palm d`or,Palme d'Or
palm d’or,Palme d'Or
palme d`or,Palme d'Or
palme d’or,Palme d'Or
paper maché,papier-mâché
papier maché,papier-mâché
papier mâché,papier-mâché
passage way,passageway
passage ways,passageways
passer by,passer-by
passer bye,passer-by
passer byer,passer-by
passer byers,passers-by
passer byes,passers-by
passer byr,passer-by
passer byrs,passers-by
passer bys,passers-by
patrick bronte,Patrick Brontë
peace price,Peace Prize
peasant's revolt,Peasants' Revolt
peasant's' revolt,Peasants' Revolt
peasant's’ revolt,Peasants' Revolt
peasants revolt,Peasants' Revolt
peasants’ revolt,Peasants' Revolt
peasant’s revolt,Peasants' Revolt
peasant’s' revolt,Peasants' Revolt
peasant’s’ revolt,Peasants' Revolt
penelope cruz,Penélope Cruz
people en espanol,People en Español
people′s republic of china,People's Republic of China
per say,per se
perhaps know as,perhaps known as
perhaps know for,perhaps known for
perhaps knowed as,perhaps known as
perhaps knowed for,perhaps known for
perhaps knows as,perhaps known as
perhaps knows for,perhaps known for
perspective applicant,prospective applicant
perspective applicants,prospective applicants
perspective buyer,prospective buyer
perspective buyers,prospective buyers
perspective client,prospective client
perspective clients,prospective clients
perspective student,prospective student
perspective students,prospective students
philip noyce,Phillip Noyce
philip schofield,Phillip Schofield
philip whitehead,Phillip Whitehead
philippine american war,philippine–American War
philippine-american war,philippine–American War
philips andover,Phillips Andover
philips exeter,Phillips Exeter
pina colada,Piña Colada
pina coladas,Piña Coladas
placido domingo,Plácido Domingo
poet's corner,Poets' Corner
poet's' corner,Poets' Corner
poet's’ corner,Poets' Corner
poets corner,Poets' Corner
poets’ corner,Poets' Corner
poet’s corner,Poets' Corner
poet’s' corner,Poets' Corner
poet’s’ corner,Poets' Corner
porfirio diaz,Porfirio Díaz
port au prince,Port-au-Prince
port au-prince,Port-au-Prince
port-au prince,Port-au-Prince
post pone,postpone
post poned,postponed
post pones,postpones
post poning,postponing
power point,PowerPoint
prarie villag,prairie Village
presidents day,Presidents' Day
prime minster,Prime Minister
prime minsters,Prime Ministers
province of leon,Province of León
pubic domain,public domain
pubic libraries,public libraries
pubic library,public library
pubic school,public School
pulitzer price,Pulitzer Prize
quand à,quant à
quelque soit le,quel que soit le
quelques fois,quelquefois
rahul gahndi,Rahul Gandhi
rahul ghandi,Rahul Gandhi
ramsay mcdonald,Ramsay MacDonald
rather then,rather than
reek havoc,wreak havoc
reeked havoc,wreaked havoc
reeking havoc,wreaking havoc
reeks havoc,wreaks havoc
rene descartes,René Descartes
right hand man,right-hand man
robert deniro,Robert De Niro
roman catholc,roman Catholic
room - mates,roommates
room -mate,roommate
room mate,roommate
room mates,roommates
salvador dali,Salvador Dalí
sam elliot,Sam Elliott
san luis potosi,San Luis Potosí
sao paolo,São Paulo
sau paolo,São Paulo
sau paulo,São Paulo
saudia arabia,saudi Arabia
saudia arabian,saudi Arabian
saõ paolo,São Paulo
saõ paulo,São Paulo
scarlet johannsen,Scarlett Johansson
scarlet johannson,Scarlett Johansson
scarlet johannssen,Scarlett Johansson
scarlet johannsson,Scarlett Johansson
scarlet johansen,Scarlett Johansson
scarlet johanson,Scarlett Johansson
scarlet johanssen,Scarlett Johansson
scarlet johansson,Scarlett Johansson
scarlett johannsen,Scarlett Johansson
scarlett johannson,Scarlett Johansson
scarlett johannssen,Scarlett Johansson
scarlett johannsson,Scarlett Johansson
scarlett johansen,Scarlett Johansson
scarlett johanson,Scarlett Johansson
scarlett johanssen,Scarlett Johansson
screen writer,screenwriter
screen writers,screenwriters
second half replacement,second-half replacement
second half replacements,second-half replacements
second half substitute,second-half substitute
second half substitutes,second-half substitutes
second year anniversary,second anniversary
second-year anniversary,second anniversary
seniors varsity,senior varsity
seven fold,sevenfold
seven year old boy,seven-year-old boy
seven year old bridge,seven-year-old bridge
seven year old brother,seven-year-old brother
seven year old building,seven-year-old building
seven year old church,seven-year-old church
seven year old college,seven-year-old college
seven year old company,seven-year-old company
seven year old daughter,seven-year-old daughter
seven year's war,Seven Years' War
seven year's' war,Seven Years' War
seven year's’ war,Seven Years' War
seven year-old boy,seven-year-old boy
seven year-old bridge,seven-year-old bridge
seven year-old brother,seven-year-old brother
seven year-old building,seven-year-old building
seven year-old church,seven-year-old church
seven year-old college,seven-year-old college
seven year-old company,seven-year-old company
seven year-old daughter,seven-year-old daughter
seven years war,Seven Years' War
seven years’ war,Seven Years' War
seven year’s war,Seven Years' War
seven year’s' war,Seven Years' War
seven year’s’ war,Seven Years' War
seven-year old boy,seven-year-old boy
seven-year old bridge,seven-year-old bridge
seven-year old brother,seven-year-old brother
seven-year old building,seven-year-old building
seven-year old church,seven-year-old church
seven-year old college,seven-year-old college
seven-year old company,seven-year-old company
seven-year old daughter,seven-year-old daughter
seventeen fold,seventeenfold
seventh year anniversary,seventh anniversary
seventh-year anniversary,seventh anniversary
seventy fold,seventyfold
shane mcgowan,Shane MacGowan
shelly winters,Shelley Winters
shorter then,shorter than
should could,should
should had been,should have been
should had given,should have given
should of been,should have been
should of done,should have done
should of given,should have given
should of gone,should have gone
should of had,should have had
si il,s'il
siera leone,Sierra Leone
siera leonean,Sierra Leonean
siera leoneans,Sierra Leoneans
siera leonese,Sierra Leonese
signed a contact,signed a contract
since than,since then
single handedly,single-handedly
sinn fein,Sinn Féin
sinn fien,Sinn Féin
six fold,sixfold
six year old boy,six-year-old boy
six year old bridge,six-year-old bridge
six year old brother,six-year-old brother
six year old building,six-year-old building
six year old church,six-year-old church
six year old college,six-year-old college
six year old company,six-year-old company
six year old daughter,six-year-old daughter
six year-old boy,six-year-old boy
six year-old bridge,six-year-old bridge
six year-old brother,six-year-old brother
six year-old building,six-year-old building
six year-old church,six-year-old church
six year-old college,six-year-old college
six year-old company,six-year-old company
six year-old daughter,six-year-old daughter
six-year old boy,six-year-old boy
six-year old bridge,six-year-old bridge
six-year old brother,six-year-old brother
six-year old building,six-year-old building
six-year old church,six-year-old church
six-year old college,six-year-old college
six-year old company,six-year-old company
six-year old daughter,six-year-old daughter
sixteen fold,sixteenfold
sixth year anniversary,sixth anniversary
sixth-year anniversary,sixth anniversary
sixty fold,sixtyfold
sixty year's war,Sixty Years' War
sixty year's' war,Sixty Years' War
sixty year's’ war,Sixty Years' War
sixty years war,Sixty Years' War
sixty years’ war,Sixty Years' War
sixty year’s war,Sixty Years' War
sixty year’s' war,Sixty Years' War
sixty year’s’ war,Sixty Years' War
sky rocketed,skyrocketed
sky rocketing,skyrocketing
slight of hand,sleight of hand
slow paced,slow-paced
small pox,smallpox
smaller then,smaller than
smart phone,smartphone
smarter then,smarter than
sneak peak,sneak peek
soft boiled,soft-boiled
soft edged,soft-edged
soft headed,soft-headed
soft hearted,soft-hearted
soft nosed,soft-nosed
soft spoken,soft-spoken
song writer,songwriter
song writers,songwriters
sonia gahndi,Sonia Gandhi
sonia ghandi,Sonia Gandhi
spanish american war,spanish–American War
spanish-american war,spanish–American War
spear headed,spearheaded
spear heading,spearheading
sponge bob,SpongeBob
spread sheet,spreadsheet
stair case,staircase
stair cases,staircases
stair step,stairstep
stair steps,stairsteps
stair way,stairway
stair ways,stairways
stair well,stairwell
stair wells,stairwells
statue of limitations,statute of limitations
still have yet,have yet
still having yet,having yet
stoke on trent,Stoke-on-Trent
stoke on-trent,Stoke-on-Trent
stoke-on trent,Stoke-on-Trent
stone mason,stonemason
stone masons,stonemasons
store front,storefront
suadi arabia,saudi Arabia
suadi arabian,saudi Arabian
suddeutsche zeitung,Süddeutsche Zeitung
são tome and principe,São Tomé and Príncipe
são tome and príncipe,São Tomé and Príncipe
são tomé and principe,São Tomé and Príncipe
sãu paolo,São Paulo
sãu paulo,São Paulo
sãõ paolo,São Paulo
sãõ paulo,São Paulo
tabare vazquez,Tabaré Vázquez
taller then,taller than
tax payer,taxpayer
te it's,be its
team - mate,teammate
team -mates,teammates
team mate,teammate
team mates,teammates
teatro colon,Teatro Colón
ten fold,tenfold
ten year old boy,ten-year-old boy
ten year old bridge,ten-year-old bridge
ten year old brother,ten-year-old brother
ten year old building,ten-year-old building
ten year old church,ten-year-old church
ten year old college,ten-year-old college
ten year old company,ten-year-old company
ten year old daughter,ten-year-old daughter
ten year's war,Ten Years' War
ten year's' war,Ten Years' War
ten year's’ war,Ten Years' War
ten year-old boy,ten-year-old boy
ten year-old bridge,ten-year-old bridge
ten year-old brother,ten-year-old brother
ten year-old building,ten-year-old building
ten year-old church,ten-year-old church
ten year-old college,ten-year-old college
ten year-old company,ten-year-old company
ten year-old daughter,ten-year-old daughter
ten years war,Ten Years' War
ten years’ war,Ten Years' War
ten year’s war,Ten Years' War
ten year’s' war,Ten Years' War
ten year’s’ war,Ten Years' War
ten-year old boy,ten-year-old boy
ten-year old bridge,ten-year-old bridge
ten-year old brother,ten-year-old brother
ten-year old building,ten-year-old building
ten-year old church,ten-year-old church
ten-year old college,ten-year-old college
ten-year old company,ten-year-old company
ten-year old daughter,ten-year-old daughter
tenth year anniversary,tenth anniversary
tenth-year anniversary,tenth anniversary
terrence stamp,Terence Stamp
tess of the d'ubervilles,Tess of the d'Urbervilles
tess of the d'ubevilles,Tess of the d'Urbervilles
tess of the d'urbevilles,Tess of the d'Urbervilles
tess of the d`ubervilles,Tess of the d'Urbervilles
tess of the d`ubevilles,Tess of the d'Urbervilles
tess of the d`urbervilles,Tess of the d'Urbervilles
tess of the d`urbevilles,Tess of the d'Urbervilles
tess of the dubervilles,Tess of the d'Urbervilles
tess of the dubevilles,Tess of the d'Urbervilles
tess of the durbervilles,Tess of the d'Urbervilles
tess of the durbevilles,Tess of the d'Urbervilles
than united states,than the United States
thankgiving day,thanksgiving Day
that il,that will
the fist time,the first time
the frist time,the first time
the just the,just the
the least the least,the least
the question how,the question of how
the question where,the question of where
the roughly the,roughly the
the ultimately the,ultimately the
the up coming,the upcoming
the very fist time,the very first time
the very frist time,the very first time
their ain't,there ain't
their are,there are
their aren't,there aren't
their can't,there can't
their cannot,there cannot
their could,there could
their had,there had
their has,there has
their hasn't,there hasn't
their have,there have
their haven't,there haven't
their is,there is
their isn't,there isn't
their may,there may
their shall,there shall
their should,there should
their up coming,their upcoming
their was,there was
their wasn't,there wasn't
their were,there were
their weren't,there weren't
their would,there would
their wouldn't,there wouldn't
there is loads,there are loads
there is no posts,there are no posts
there is open spaces,there are open spaces
there is there,there is
there own,their own
there's many reasons,there are many reasons
there's some rules,there are some rules
there's ways,there are ways
therese raquin,Thérèse Raquin
therése raquin,Thérèse Raquin
these association,these associations
thicker then,thicker than
things like things like,things like
thinner then,thinner than
third year anniversary,third anniversary
third-year anniversary,third anniversary
thirteen fold,thirteenfold
thirteen year's war,Thirteen Years' War
thirteen year's' war,Thirteen Years' War
thirteen year's’ war,Thirteen Years' War
thirteen years war,Thirteen Years' War
thirteen years’ war,Thirteen Years' War
thirteen year’s war,Thirteen Years' War
thirteen year’s' war,Thirteen Years' War
thirteen year’s’ war,Thirteen Years' War
thirty fold,thirtyfold
thirty year's war,Thirty Years' War
thirty year's' war,Thirty Years' War
thirty year's’ war,Thirty Years' War
thirty years war,Thirty Years' War
thirty years’ war,Thirty Years' War
thirty year’s war,Thirty Years' War
thirty year’s' war,Thirty Years' War
thirty year’s’ war,Thirty Years' War
this weeks',this week's
this weeks,this week's
this weeks’,this week's
thomas de quincy,Thomas De Quincey
thomas dequincey,Thomas De Quincey
thomas dequincy,Thomas De Quincey
thousand fold,thousandfold
three fold,threefold
three year old boy,three-year-old boy
three year old bridge,three-year-old bridge
three year old brother,three-year-old brother
three year old building,three-year-old building
three year old church,three-year-old church
three year old college,three-year-old college
three year old company,three-year-old company
three year old daughter,three-year-old daughter
three year-old boy,three-year-old boy
three year-old bridge,three-year-old bridge
three year-old brother,three-year-old brother
three year-old building,three-year-old building
three year-old church,three-year-old church
three year-old college,three-year-old college
three year-old company,three-year-old company
three year-old daughter,three-year-old daughter
three-year old boy,three-year-old boy
three-year old bridge,three-year-old bridge
three-year old brother,three-year-old brother
three-year old building,three-year-old building
three-year old church,three-year-old church
three-year old college,three-year-old college
three-year old company,three-year-old company
three-year old daughter,three-year-old daughter
through it's doors,through its doors
through it's,through its
through it`s,through its
through it’s,through its
through out,throughout
throughout it's,throughout its
throughout it’s,throughout its
thèrese raquin,Thérèse Raquin
thèrése raquin,Thérèse Raquin
time where,time when
times where,times when
to able,to be able
to chart to chart,to chart
to confirm it's identity,to confirm its identity
to expand it's philanthropy,to expand its philanthropy
to get to get,to get
to held,to hold
to it's,to its
to it`s,to its
to it’s,to its
to never to,to never
to perform to perform,to perform
to show it's age,to show its age
to united states,to the United States
to up it's pain,to up its pain
toilets to toilets to,toilets to
too add,to add
too heat,too hot
too minimize,to minimize
too risk,to risk
trade block,trade bloc
trading bloc,trade bloc
trading block,trade bloc
trans continental,transcontinental
twentieth year anniversary,twentieth anniversary
twentieth-year anniversary,twentieth anniversary
twenty fold,twentyfold
two fold,twofold
two year old boy,two-year-old boy
two year old bridge,two-year-old bridge
two year old brother,two-year-old brother
two year old building,two-year-old building
two year old church,two-year-old church
two year old college,two-year-old college
two year old company,two-year-old company
two year old daughter,two-year-old daughter
two year-old boy,two-year-old boy
two year-old bridge,two-year-old bridge
two year-old brother,two-year-old brother
two year-old building,two-year-old building
two year-old church,two-year-old church
two year-old college,two-year-old college
two year-old company,two-year-old company
two year-old daughter,two-year-old daughter
two-year old boy,two-year-old boy
two-year old bridge,two-year-old bridge
two-year old brother,two-year-old brother
two-year old building,two-year-old building
two-year old church,two-year-old church
two-year old college,two-year-old college
two-year old company,two-year-old company
two-year old daughter,two-year-old daughter
uilean pipes,uilleann pipes
uileann pipes,uilleann pipes
uillean pipes,uilleann pipes
un espèce,une espèce
under it's,under its
under it’s,under its
under milkwood,Under Milk Wood
under size,undersize
under sized,undersized
underneath it's,underneath its
underneath it’s,underneath its
united stated,United States
unites states,United States
up it's,up its
up it`s,up its
up it’s,up its
up stairs,upstairs
upon it's,upon its
upon it’s,upon its
upper class background,upper-class background
upper class backgrounds,upper-class backgrounds
upper class families,upper-class families
upper class family,upper-class family
upper class homes,upper-class homes
upper class neighborhood,upper-class neighborhood
upper class neighborhoods,upper-class neighborhoods
upper class neighbourhood,upper-class neighbourhood
upper class neighbourhoods,upper-class neighbourhoods
upper class people,upper-class people
upper middle-class background,upper-middle-class background
upper middle-class backgrounds,upper-middle-class backgrounds
upper middle-class families,upper-middle-class families
upper middle-class family,upper-middle-class family
upper middle-class neighborhood,upper-middle-class neighborhood
upper middle-class neighborhoods,upper-middle-class neighborhoods
upper middle-class neighbourhood,upper-middle-class neighbourhood
upper middle-class neighbourhoods,upper-middle-class neighbourhoods
upper middle-class people,upper-middle-class people
user name,username
user names,usernames
usually know as,usually known as
usually know for,usually known for
usually knowed as,usually known as
usually knowed for,usually known for
usually knows as,usually known as
usually knows for,usually known for
valentine day,Valentine's Day
valentines day,Valentine's Day
valentines' day,Valentine's Day
valentines's day,Valentine's Day
vis-a versa,vice versa
visa -versa,vice versa
visa versa,vice versa
vise versa,vice versa
volley - ball,volleyball
volley ball,volleyball
volley balls,volleyballs
vous faîtes,vous faites
vous meme,vous-même
walter de lamare,Walter de la Mare
walter dela mare,Walter de la Mare
walter delamare,Walter de la Mare
war of jenkin's ear,War of Jenkins' Ear
war of jenkins ear,War of Jenkins' Ear
war of jenkins’ ear,War of Jenkins' Ear
war of jenkin’s ear,War of Jenkins' Ear
warren buffet,Warren Buffett
warren e. buffet,Warren E. Buffett
was expose to,was exposed to
was force to,was forced to
was know as,was known as
was know for,was known for
was knowed as,was known as
was knowed for,was known for
was knows as,was known as
was knows for,was known for
was not expose to,was not exposed to
was not force to,was not forced to
was not oppose to,was not opposed to
was not propose to,was not proposed to
was not suppose to,was not supposed to
was not use to,was not used to
was oppose to,was opposed to
was propose to,was proposed to
was suppose to,was supposed to
was use to,was used to
wasn't expose to,wasn't exposed to
wasn't force to,wasn't forced to
wasn't oppose to,wasn't opposed to
wasn't propose to,wasn't proposed to
wasn't suppose to,wasn't supposed to
wasn't use to,wasn't used to
wasn’t expose to,wasn’t exposed to
wasn’t force to,wasn’t forced to
wasn’t oppose to,wasn’t opposed to
wasn’t propose to,wasn’t proposed to
wasn’t suppose to,wasn’t supposed to
wasn’t use to,wasn’t used to
wasn′t expose to,wasn′t exposed to
wasn′t force to,wasn′t forced to
wasn′t oppose to,wasn′t opposed to
wasn′t propose to,wasn′t proposed to
wasn′t suppose to,wasn′t supposed to
wasn′t use to,wasn′t used to
water borne,waterborne
water soluble,water-soluble
wave length,wavelength
wave lengths,wavelengths
web site,website
web sites,websites
week where,week when
week where,week when
weeks where,weeks when
weeks where,weeks when
well being,well-being
well know as,well known as
well know for,well known for
well knowed as,well known as
well knowed for,well known for
well knows as,well known as
well knows for,well known for
were expose to,were exposed to
were force to,were forced to
were know as,were known as
were know for,were known for
were knowed as,were known as
were knowed for,were known for
were knows as,were known as
were knows for,were known for
were not suppose to,were not supposed to
were not use to,were not used to
were suppose to,were supposed to
were use to,were used to
weren't suppose to,weren't supposed to
weren't use to,weren't used to
weren’t suppose to,weren’t supposed to
weren’t use to,weren’t used to
whose been,who has been
wi fi,Wi-Fi
wide ranging,wide-ranging
wide spread,widespread
widely know as,widely known as
widely know for,widely known for
widely knowed as,widely known as
widely knowed for,widely known for
widely knows as,widely known as
widely knows for,widely known for
will able,will be able
will could,could
will would,will
wind shields,windshields
winston salem,Winston-Salem
wisden cricketer's almanac,Wisden Cricketers' Almanack
wisden cricketer's almanack,Wisden Cricketers' Almanack
wisden cricketers almanac,Wisden Cricketers' Almanack
wisden cricketers almanack,Wisden Cricketers' Almanack
wisden cricketers' almanac,Wisden Cricketers' Almanack
wisden cricketers’ almanac,Wisden Cricketers' Almanack
wisden cricketers’ almanack,Wisden Cricketers' Almanack
wisden cricketer’s almanac,Wisden Cricketers' Almanack
wisden cricketer’s almanack,Wisden Cricketers' Almanack
with it's environment,with its environment
with it's,with its
with it`s,with its
with it’s,with its
with out,without
within it's,within its
within it`s,within its
within it’s,within its
without it's,without its
without it`s,without its
without it’s,without its
working class background,working-class background
working class backgrounds,working-class backgrounds
working class families,working-class families
working class family,working-class family
working class homes,working-class homes
working class neighborhood,working-class neighborhood
working class neighborhoods,working-class neighborhoods
working class neighbourhood,working-class neighbourhood
working class neighbourhoods,working-class neighbourhoods
working class people,working-class people
world famous,world-famous
world-wide web,world Wide Web
worldwide web,World Wide Web
worse then,worse than
would had been,would have been
would had given,would have given
would of been,would have been
would of done,would have done
would of given,would have given
would of had,would have had
would will,would
wreack havoc,wreak havoc
wreacked havoc,wreaked havoc
wreacking havoc,wreaking havoc
wreacks havoc,wreaks havoc
wreck havoc,wreak havoc
wrecked havoc,wreaked havoc
wrecking havoc,wreaking havoc
wrecks havoc,wreaks havoc
wrong doing,wrongdoing
wrong doings,wrongdoings
wweb site,wwebsite
wweb sites,wwebsites
year where,year when
years where,years when
years where,years when
you binding,you're binding
you re,you're
younger then,younger than
